No.,Plant,Electrical Room,Motor Name,Capacity [kW],Voltage [V],Current [A],RPM,Maker,Serial Number,When ?,Check ?,Check Date,Check Status,REASON,Remark,frame,Type,"Installed
  Qty",Standby,Spare,"Shaft 
 Dia","Base 
 Width","Base 
 Length",C,E,H,Operation,Remark
1,RMH,RMH HV Room,A121BC,560,6000,66.6,990,HYOSUNG,F0226143-H1-0001,EVERY TIME,NOT YET,,NOT CHECK,Load: < 60%,,400,TEFC,1,0,0,120,900,1320,254,165,390,1 Running,Change from 400KW to 560KW (Investment Project Extension Belt Conveyor A-121)
1,RMH,RMH HV Room,-,400,6000,51.6,990,HYOSUNG,LA26374811,EVERY TIME,NOT YET,,NOT CHECK,Load: < 60%,,355,HSFC,1,0,0,-,-,-,-,-,-,-,400 kW will be installed in another place [Plan : installed in Bag Filter]
2,RMH,RMH HV Room,A-122BC,280,6000,35.5,990,HYOSUNG,LA26374819,EVERY TIME,NOT YET,1/7/2020,NOT CHECK,Load: < 60%,,355,HSFC,1,0,1,105,686,1000,224,165,355,1 Running,
3,RMH,RMH HV Room,A-124BC,160,6000,21.4,988,HYOSUNG,LA26374820,EVERY TIME,NOT YET,1/7/2020,NOT CHECK,Load: < 60%,,280,HSFC,1,0,1,90,560,630,190,130,280,1 Running,
4,RMH,RMH HV Room,A-133BC,200,6000,27.1,990,HYOSUNG,LA26374815,EVERY TIME,NOT YET,1/7/2020,NOT CHECK,Load: < 60%,,315,HSFC,1,0,1,95,610,900,200,130,315,1 Running,
5,RMH,RMH HV Room,A-104BC(A),355,6000,46.8,990,HYOSUNG,LA26374810-4,EVERY TIME,NOT YET,1/7/2020,NOT CHECK,Load: < 60%,Tanya Maker (Sideband tidak jelas),355,HSFC,1,0,1,105,686,1000,224,165,355,4 Running,
6,RMH,RMH HV Room,A-104BC(B),355,6000,46.8,990,HYOSUNG,LA26374810-3,EVERY TIME,NOT YET,1/7/2020,NOT CHECK,Load: < 60%,,355,HSFC,1,0,,105,686,1000,224,165,355,,
7,RMH,RMH HV Room,A-134BC(A),355,6000,46.8,990,HYOSUNG,LA26374810-1,EVERY TIME,NOT YET,1/7/2020,NOT CHECK,Load: < 60%,,355,HSFC,1,0,,105,686,1000,224,165,355,,
8,RMH,RMH HV Room,A-134BC(B),355,6000,46.8,990,HYOSUNG,LA26374810-2,EVERY TIME,NOT YET,1/7/2020,NOT CHECK,Load: < 60%,,355,HSFC,1,0,,105,686,1000,224,165,355,,
9,RMH,RMH HV Room,B-101BC(A),132,6000,17.1,988,HYOSUNG,LA26374814-3,EVERY TIME,NOT YET,1/7/2020,NOT CHECK,Load: < 60%,Tanya Maker (Spectrum aneh),280,HSFC,1,0,1,90,560,630,190,130,280,2 Running,
10,RMH,RMH HV Room,B-101BC(B),132,6000,17.1,988,HYOSUNG,LA26374814-4,EVERY TIME,NOT YET,1/7/2020,NOT CHECK,Load: < 60%,Tanya Maker (Spectrum aneh),280,HSFC,1,0,,90,560,630,190,130,280,,
11,RMH,RMH HV Room,B-102BC,160,6000,21.4,988,HYOSUNG,LA26374813-2,EVERY TIME,NOT YET,1/9/2020,NOT CHECK,Load: < 60%,,280,HSFC,1,0,0,90,560,630,190,130,280,1 Running,
12,RMH,RMH HV Room,B-104BC,250,6000,34.4,990,HYOSUNG,LA26374816,EVERY TIME,NOT YET,1/9/2020,NOT CHECK,Load: < 60%,,315,HSFC,1,0,1,95,610,900,200,130,315,1 Running,
13,RMH,RMH HV Room,B-111BC(A),132,6000,17.1,988,HYOSUNG,LA26374814-2,EVERY TIME,NOT YET,,NOT CHECK,Sensor can not reach the panel,,280,HSFC,1,0,0,90,560,630,190,130,280,2 Running,
14,RMH,RMH HV Room,B-111BC(A),132,6000,17.1,988,HYOSUNG,LA26374814-1,EVERY TIME,NOT YET,,NOT CHECK,Sensor can not reach the panel,,280,HSFC,1,0,0,90,560,630,190,130,280,,
15,RMH,RMH HV Room,B-112BC,160,6000,21.4,988,HYOSUNG,LA26374813-3,EVERY TIME,NOT YET,1/9/2020,NOT CHECK,Load: < 60%,,280,HSFC,1,0,0,90,560,630,190,130,280,1 Running,
16,RMH,RMH HV Room,B-121BC,280,6000,35.5,990,HYOSUNG,LA26374812-1,EVERY TIME,NOT YET,6/11/2020,NOT CHECK,Load: < 60%,,355,HSFC,1,0,0,105,686,1000,224,165,355,1 Running,
17,RMH,RMH HV Room,B-131BC,250,6000,34.4,990,HYOSUNG,LA26374818,EVERY TIME,NOT YET,1/9/2020,NOT CHECK,Load: < 60%,,315,HSFC,1,0,0,95,610,900,200,130,315,1 Running,
18,RMH,RMH HV Room,B-136BC,132,6000,17.7,988,HYOSUNG,LA26374817,EVERY TIME,NOT YET,,NOT CHECK,BC Motor didn't use for a long time (Not active),,280,HSFC,1,0,0,90,560,630,190,130,280,1 Running,
19,RMH,RMH HV Room,C-101BC,280,6000,35.5,990,HYOSUNG,LA26374812-3,EVERY TIME,NOT YET,6/11/2020,NOT CHECK,Load: < 60%,,355,HSFC,1,0,0,105,686,1000,224,165,355,1 Running,
20,RMH,RMH HV Room,C-102BC,160,6000,21.4,988,HYOSUNG,LA26374813-4,EVERY TIME,NOT YET,1/9/2020,NOT CHECK,Load: < 60%,,280,HSFC,1,0,0,90,560,630,190,130,280,1 Running,
21,RMH,RMH HV Room,F-101BC,280,6000,35.5,990,HYOSUNG,LA26374312-4,EVERY TIME,NOT YET,1/9/2020,NOT CHECK,Load: < 60%,Tanya Maker (Spectrum berubah-ubah),355,HSFC,1,0,0,105,686,1000,224,165,355,1 Running,
22,RMH,RMH HV Room,F-111BC,280,6000,35.5,990,HYOSUNG,LA26374812-2,EVERY TIME,NOT YET,,NOT CHECK,Load: < 60%,,355,HSFC,1,0,0,105,686,1000,224,165,355,1 Running,
23,RMH,RMH HV Room,D-115BC,160,6000,21.4,988,HYOSUNG,LA26374813-1,EVERY TIME,NOT YET,,NOT CHECK,Sensor can not reach the panel,,280,HSFC,1,0,0,90,560,630,190,130,280,1 Running,
24,RMH,RMH HV Room,No.1 Crusher,220,6000,28.7,987,HYUNDAI,20121228RMH384001,EVERY TIME,NOT YET,,NOT CHECK,Sensor can not reach the panel,,355,HLB5 352-68E,1,0,0,-,-,-,-,-,-,1 Running,
25,RMH,RMH HV Room,No.2 Crusher,160,6000,20.8,986,HYUNDAI,20121228RMH383002,EVERY TIME,NOT YET,,NOT CHECK,Sensor can not reach the panel,,315,HLB5 352-68E,1,0,1,-,-,-,-,-,-,1 Running,
26,RMH,RMH HV Room,No.3 Crusher,220,6000,28.7,987,HYUNDAI,20121228RMH384002,EVERY TIME,NOT YET,,NOT CHECK,Sensor can not reach the panel,,355,HLB5 352-68E,1,0,0,-,-,-,-,-,-,1 Running,
27,RMH,RMH HV Room,No.1 Bag Filter Fan,350,6000,45.7,987,HYOSUNG,LA25589802,EVERY TIME,NOT YET,,NOT CHECK,Sensor can not reach the panel,,355,HSFC,1,0,0,105,686,1000,224,165,355,1 Running,
28,RMH,RMH HV Room,Pump 01,230,6000,27.6,1483,HYUNDAI,20125141RMHF99001,EVERY TIME,NOT YET,,NOT CHECK,Sensor can not reach the panel,,315,HLE5 312-48E,1,0,0,90,508,508,216,170,315,2 Running,
29,RMH,RMH HV Room,Pump 02,230,6000,27.6,1483,HYUNDAI,20125141RMHF99002,EVERY TIME,NOT YET,,NOT CHECK,Sensor can not reach the panel,,315,HLE5 312-48E,1,0,0,90,508,508,216,170,315,,
,,,,,,,,,,,,,,,,,,,,,,,,,,,,
,,,,,,,,,,,,,,,,,,,,,,,,,,,,
30,Sinter,Sinter MER,Cooling Air Fan 1,2000,6000,229.7,993,HYUNDAI,20120862RMH258001,NOT EVERY TIME,NOT YET,2/24/2020,OK,,,560,HRQ3 565-68E,1,0,1,160,1120,1800,280,400,560,2 running,
31,Sinter,Sinter MER,Cooling Air Fan 2,2000,6000,229.7,993,HYUNDAI,20120862RMH258002,NOT EVERY TIME,NOT YET,2/24/2020,OK,,,560,HRQ3 565-68E,1,0,,160,1120,1800,280,400,560,,
32,Sinter,Sinter MER,Mixing Drum,720,6000,85.7,1477,HYUNDAI,20120862RMH257001,NOT EVERY TIME,NOT YET,2/24/2020,NOT CHECK,Torque and ampere changes frequently,,450,HRQ3 453-48E,1,0,1,130,850,1400,350,240,450,2 running,
33,Sinter,Sinter MER,Rerolling Drum,720,6000,85.7,1477,HYUNDAI,20120862RMH257002,NOT EVERY TIME,NOT YET,2/24/2020,NOT CHECK,Load: < 60%,,450,HRQ3 453-48E,1,0,,130,850,1400,350,240,450,,
34,Sinter,Sinter MER,Coke BF ID Fan,630,6000,76.4,992,XIANGTAN,J1213894,EVERY TIME,NOT YET,6/11/2020,OK,,,500,YKK500-6TH,1,0,1,140,900,1250,475,520,500,1 running,
35,Sinter,Sinter MER,Storage Bin BF ID Fan,710,6000,85.8,992,HYOSUNG,10023810_0001,EVERY TIME,NOT YET,2/24/2020,OK,,,500,TEAAC,1,0,,140,900,1250,475,520,500,1 running,
36,Sinter,Sinter MER,R-EP ID Fan,1800,6000,200,990,HYOSUNG,10015671_0001,NOT EVERY TIME,NOT YET,2/24/2020,OK,,,710,HSTC,1,0,1,200,1400,1800,530,350,710,1 running,
37,Sinter,Sinter MER,Rod Mill Motor,600,6000,70.7,1482,HYUNDAI,20120862RMH259001,EVERY TIME,NOT YET,2/24/2020,NOT CHECK,Load: < 60%,"Need more analysis , TANYA MAKER",450,HLE5 452-48E,1,0,1,130,750,1250,280,240,450,1 running,
38,Sinter,Sinter MER,Exhaust Gas Fan 1,7500,6000,880,990,HYOSUNG,LF25077602-1,NOT EVERY TIME,NOT YET,2/24/2020,NOT CHECK,Wound rotor type,,900,HWWC,1,0,1,240,1800,2000,750,310,900,2 running,
39,Sinter,Sinter MER,Exhaust Gas Fan 2,7500,6000,880,990,HYOSUNG,LF25077602-2,NOT EVERY TIME,NOT YET,2/24/2020,NOT CHECK,Wound rotor type,,900,HWWC,1,0,,240,1800,2000,750,310,900,,
,,,,,,,,,,,,,,,,,,,,,,,,,,,,
,,,,,,,,,,,,,,,,,,,,,,,,,,,,
40,Coke,GTP ER,Chilled Unit 1,1050,6000,114.6,2937,LG Electronics,MA261278 0100-3,NOT EVERY TIME,NOT YET,2/24/2020,OK,,,-,-,1,1,0,-,-,-,-,-,-,2 running 1 standby,
41,Coke,GTP ER,Chilled Unit 2,1050,6000,114.6,2937,LG Electronics,MA261278 0100-2,NOT EVERY TIME,NOT YET,2/24/2020,OK,,,-,-,1,,0,-,-,-,-,-,-,,
42,Coke,GTP ER,Chilled Unit 3,1050,6000,114.6,2937,LG Electronics,MA261278 0100-1,NOT EVERY TIME,NOT YET,,OK,,,-,-,1,,0,-,-,-,-,-,-,,
43,Coke,GTP ER,Cooling Water Pump 1,600,6000,67.2,1485,Hyosung,LA25490701-1,NOT EVERY TIME,NOT YET,2/24/2020,OK,,,400,HSTC,1,1,0,110,686,1250,280,210,400,3 running 1 standby,
44,Coke,GTP ER,Cooling Water Pump 2,600,6000,67.2,1485,Hyosung,LA25490701-2,NOT EVERY TIME,NOT YET,2/24/2020,OK,,,400,HSTC,1,,0,110,686,1250,280,210,400,,
45,Coke,GTP ER,Cooling Water Pump 3,600,6000,67.2,1485,Hyosung,LA25490701-3,NOT EVERY TIME,NOT YET,,OK,,,400,HSTC,1,,0,110,686,1250,280,210,400,,
46,Coke,GTP ER,Cooling Water Pump 4,600,6000,67.2,1485,Hyosung,LA25490701-4,NOT EVERY TIME,NOT YET,,OK,,,400,HSTC,1,,0,110,686,1250,280,210,400,,
47,Coke,GTP ER,Gas Exhauster A,1200,6000,139.5,1480,Hyosung,4103886-1,NOT EVERY TIME,NOT YET,2/24/2020,OK,,,500,TEAAC(EX nA ? T3),1,0,0,110,850,1250,310,210,500,1 running 1 standby,
48,Coke,GTP ER,Gas Exhauster B,1200,6000,139.5,1480,Hyosung,4103886-2,NOT EVERY TIME,NOT YET,,OK,,,500,TEAAC(EX nA ? T3),1,0,0,110,850,1250,310,210,500,,
49,Coke,CPCT ER,BF 02 - Crusher Dedusting Unit,160,6000,20.1,1486,Xiangtan,J1213897,NOT EVERY TIME,NOT YET,2/24/2020,OK,,,355,YKK355-4,1,0,0,100,630,900,315,210,355,1 running,
50,Coke,CPCT ER,BF 03 - Blending Bin Dedusting,220,6000,26.8,1481,Xiangtan,J1213896,NOT EVERY TIME,NOT YET,2/24/2020,OK,,,355,YKK355-4,1,0,0,100,630,900,315,210,355,1 running,
51,Coke,CPCT ER,BF 06 - Bunker Dedusting Unit,250,6000,30.4,1481,Xiangtan,J1213898,NOT EVERY TIME,NOT YET,2/24/2020,OK,,,355,YKK355-4,1,0,0,100,630,900,315,210,355,1 running,
52,Coke,CPCT ER,Coal Crusher Main Motor 1 (CW),1000,6000,117,1485,Helmke,1.10E+10,NOT EVERY TIME,NOT YET,,NOT CHECK,Load: < 60%,,500,DOR500-04,1,1,0,130,900,1250,315,250,500,1 running 1 standby,
53,Coke,CPCT ER,Coal Crusher Main Motor 2 (CW),1000,6000,117,1485,Helmke,1.10E+10,NOT EVERY TIME,NOT YET,2/24/2020,NOT CHECK,Load: < 60%,,500,DOR500-04,1,,0,130,900,1250,315,250,500,,
54,Coke,COB ER,ECS Fan,1600,6000,187.5,993,Xiangtan,J1213893,NOT EVERY TIME,NOT YET,2/24/2020,OK,,,630,YKK630-6,1,0,1,180,1120,1600,530,300,630,1 running,
,,,,,,,,,,,,,,,,,,,,,,,,,,,,
,,,,,,,,,,,,,,,,,,,,,,,,,,,,
55,BF,BF MER,Body Stave Circulation Pump A,370,6000,47.1,989,Hyundai,20114887RMHH79001,EVERY TIME,NOT YET,4/14/2020,OK,,,315,HLE5 315-68E,1,1,0,110,610,900,224,210,315,2 running 1 standby,
56,BF,BF MER,Body Stave Circulation Pump B,370,6000,47.1,989,Hyundai,20114887RMHH79002,EVERY TIME,NOT YET,2/26/2020,OK,,,315,HLE5 315-68E,1,,,110,610,900,224,210,315,,
57,BF,BF MER,Body Stave Circulation Pump C,370,6000,47.1,989,Hyundai,20114887RMHH79003,EVERY TIME,NOT YET,2/26/2020,OK,,,315,HLE5 315-68E,1,,,110,610,900,224,210,315,,
58,BF,BF MER,Cooling Tower Pump A,600,6000,108.8,739,Hyundai,20114887RMHE68001,EVERY TIME,NOT YET,2/26/2020,OK,,,450,HRQ3 453-88E,1,1,0,30,850,1250,200,250,450,1 running 1 standby,
59,BF,BF MER,Cooling Tower Pump B,600,6000,108.8,739,Hyundai,20114887RMHE68002,EVERY TIME,NOT YET,4/14/2020,OK,,,450,HRQ3 453-88E,1,,,30,850,1250,200,250,450,,
60,BF,BF MER,COG Booster A,250,6000,27.7,2966,Hyundai,20121753RMH519001,EVERY TIME,NOT YET,,OK,,,315,HNE5 314-28E (EX nA ? T3),1,1,0,75,568,610,218,140,315,1 running 1 standby,
61,BF,BF MER,COG Booster B,250,6000,27.7,2966,HYUNDAI,20121753RMH519002,EVERY TIME,NOT YET,2/26/2020,OK,,,315,HNE5 314-28E (EX nA ? T3),1,,,75,568,610,218,140,315,,
62,BF,BF MER,High Pressure Pump A,750,6000,84.4,2976,Hyundai,20114887RMHE67001,NOT EVERY TIME,NOT YET,2/26/2020,OK,,,355,HRQ3 357-28E,1,1,1,90,830,1120,490,170,355,2 running 1 standby,
63,BF,BF MER,High Pressure Pump B,750,6000,84.4,2976,Hyundai,20114887RMHE67002,NOT EVERY TIME,NOT YET,2/26/2020,OK,,,355,HRQ3 357-28E,1,,,90,830,1120,490,170,355,,
64,BF,BF MER,High Pressure Pump C,750,6000,84.4,2976,Hyundai,20114887RMHE67003,NOT EVERY TIME,NOT YET,4/14/2020,OK,,,355,HRQ3 357-28E,1,,,90,830,1120,490,170,355,,
65,BF,BF MER,Low Pressure Pump A,1120,6000,128.6,988,Hyundai,20114887RMHE66001,NOT EVERY TIME,NOT YET,4/14/2020,OK,,,450,HRQ3 457-68E,1,1,0,140,850,1600,250,250,450,3 running 1 standby,
66,BF,BF MER,Low Pressure Pump B,1120,6000,128.6,988,Hyundai,20114887RMHE66002,NOT EVERY TIME,NOT YET,2/26/2020,OK,,,450,HRQ3 457-68E,1,,0,140,850,1600,250,250,450,,
67,BF,BF MER,Low Pressure Pump C,1120,6000,128.6,988,Hyundai,20114887RMHE66003,NOT EVERY TIME,NOT YET,2/26/2020,OK,,,450,HRQ3 457-68E,1,,0,140,850,1600,250,250,450,,
68,BF,BF MER,Low Pressure Pump D,1120,6000,128.6,988,Hyundai,20114887RMHE66004,NOT EVERY TIME,NOT YET,2/26/2020,OK,,,450,HRQ3 457-68E,1,,0,140,850,1600,250,250,450,,
69,BF,BF MER,Plant Air Compressor A,220,6000,29.9,987,Hyundai,20114860RMHE63001,EVERY TIME,NOT YET,2/26/2020,OK,,,315,HLE5 317-68E,1,0,0,100,508,900,216,200,315,4 running,
70,BF,BF MER,Plant Air Compressor B,220,6000,29.9,987,Hyundai,20114860RMHE63002,EVERY TIME,NOT YET,2/26/2020,OK,,,315,HLE5 317-68E,1,0,0,100,508,900,216,200,315,,
71,BF,BF MER,Plant Air Compressor C,220,6000,29.9,987,Hyundai,20114860RMHE63003,EVERY TIME,NOT YET,2/26/2020,OK,,,315,HLE5 317-68E,1,0,0,100,508,900,216,200,315,,
72,BF,BF MER,Plant Air Compressor D,220,6000,29.9,987,Hyundai,20114860RMHE63004,EVERY TIME,NOT YET,2/26/2020,OK,,,315,HLE5 317-68E,1,0,0,100,508,900,216,200,315,,
73,BF,BF MER,Air Back Up Compressor,240,6000,30.5,986,Hyundai,20124112RMHB79001,EVERY TIME,NOT YET,4/14/2020,OK,,,315,HLE5 316-68E,1,1,0,95,508,900,216,200,315,1 running,
74,BF,BF MER,Stove Combustion Air Fan Motor A,1700,6000,188.2,1484,Hyundai,20121753RMH518001,EVERY TIME,NOT YET,2/26/2020,OK,,,500,HRQ3 505-48E,1,1,0,150,950,1600,590,250,500,1 running 1 standby,
75,BF,BF MER,Stove Combustion Air Fan Motor B,1700,6000,188.2,1484,Hyundai,20121753RMH518002,EVERY TIME,NOT YET,,OK,,,500,HRQ3 505-48E,1,,0,150,950,1600,590,250,500,,
76,BF,BF MER,Tuyere Booster Pump A,210,6000,26.7,988,Hyundai,20114887RMHE69001,EVERY TIME,NOT YET,2/26/2020,OK,,,315,HLE5 314-68E,1,1,0,90,508,630,216,170,315,1 running 1 standby,
77,BF,BF MER,Tuyere Booster Pump B,210,6000,26.7,988,Hyundai,20114887RMHE69002,EVERY TIME,NOT YET,,OK,,,315,HLE5 314-68E,1,,0,90,508,630,216,170,315,,
,,,,,,,,,,,,,,,,,,,,,,,,,,,,
,,,,,,,,,,,,,,,,,,,,,,,,,,,,
78,BF,BFS ER,No.1 SGP Cooling Water Pump A,160,6000,21.1,990,Hyosung,LA26349503-5,EVERY TIME,NOT YET,4/15/2020,OK,,,355,TEFC,1,1,0,95,610,730,254,170,355,2 running 1 standby,
79,BF,BFS ER,No.1 SGP Cooling Water Pump B,160,6000,21.1,990,Hyosung,LA26349503-1,EVERY TIME,NOT YET,3/30/2020,OK,,,355,TEFC,1,,0,95,610,730,254,170,355,,
80,BF,BFS ER,No.1 SGP Cooling Water Pump C,160,6000,21.1,990,Hyosung,LA26349503-2,EVERY TIME,NOT YET,3/30/2020,OK,,,355,TEFC,1,,0,95,610,730,254,170,355,,
81,BF,BFS ER,No.1 SGP Slurry Pump A,270,6000,35.7,990,Hyosung,LA26349501-2,EVERY TIME,NOT YET,4/15/2020,OK,,,-,TEFC,1,1,0,100,686,1000,280,165,355,2 running 1 standby,
82,BF,BFS ER,No.1 SGP Slurry Pump B,270,6000,35.7,990,Hyosung,LA26349501-3,EVERY TIME,NOT YET,,OK,,,-,TEFC,1,,0,100,686,1000,280,165,355,,
83,BF,BFS ER,No.1 SGP Slurry Pump C,270,6000,35.7,990,Hyosung,LA26349501-6,EVERY TIME,NOT YET,3/30/2020,OK,,,-,TEFC,1,,0,100,686,1000,280,165,355,,
84,BF,BFS ER,No.1 SGP Water Supply Pump A,185,6000,24.6,990,Hyosung,LA26349502-6,EVERY TIME,NOT YET,3/30/2020,OK,,,355,TEFC,1,1,0,95,610,730,254,170,355,2 running 1 standby,
85,BF,BFS ER,No.1 SGP Water Supply Pump B,185,6000,24.6,990,Hyosung,LA26349502-5,EVERY TIME,NOT YET,3/30/2020,OK,,,355,TEFC,1,,0,95,610,730,254,170,355,,
86,BF,BFS ER,No.1 SGP Water Supply Pump C,185,6000,24.6,990,Hyosung,LA26349502-3,EVERY TIME,NOT YET,3/30/2020,OK,,,355,TEFC,1,,0,95,610,730,254,170,355,,
87,BF,BFS ER,No.1 Cast House Bag Filter Fan,2500,6000,279,995,SHCT,710Y451773-01,NOT EVERY TIME,NOT YET,3/30/2020,OK,,,710,YKK710-6 W,1,0,0,200,1400,1800,530,350,710,1 running,
88,BF,SGS ER,No.2 Cast House Bag Filter Fan,2500,6000,279,995,SHCT,A710Y12036-2,NOT EVERY TIME,NOT YET,3/31/2020,OK,,,710,YKK710-6TH,1,0,0,200,1400,1800,530,350,710,1 running,
89,BF,SGS ER,No.2 SGP Cooling Water Pump A,160,6000,21.1,990,Hyosung,LA26349503-4,EVERY TIME,NOT YET,3/31/2020,OK,,,355,TEFC,1,1,0,95,610,730,254,170,355,"2 running, 1 standby",
90,BF,SGS ER,No.2 SGP Cooling Water Pump B,160,6000,21.1,990,Hyosung,LA26349503-6,EVERY TIME,NOT YET,4/14/2020,OK,,,355,TEFC,1,,0,95,610,730,254,170,355,,
91,BF,SGS ER,No.2 SGP Cooling Water Pump C,160,6000,21.1,990,Hyosung,LA26349503-3,EVERY TIME,NOT YET,3/31/2020,OK,,,355,TEFC,1,,0,95,610,730,254,170,355,,
92,BF,SGS ER,No.2 SGP Slurry Pump A,270,6000,35.7,990,Hyosung,LA26349501-3,EVERY TIME,NOT YET,4/14/2020,OK,,,355,TEFC,1,1,0,100,686,1000,280,165,355,2 running 1 standby,
93,BF,SGS ER,No.2 SGP Slurry Pump B,270,6000,35.7,990,Hyosung,LA26349501-1,EVERY TIME,NOT YET,3/31/2020,OK,,,355,TEFC,1,,0,100,686,1000,280,165,355,,
94,BF,SGS ER,No.2 SGP Slurry Pump C,270,6000,35.7,990,Hyosung,LA26349501-5,EVERY TIME,NOT YET,3/31/2020,OK,,,355,TEFC,1,,0,100,686,1000,280,165,355,,
95,BF,SGS ER,No.2 SGP Water Supply Pump A,185,6000,24.6,990,Hyosung,LA26349502-1,EVERY TIME,NOT YET,3/31/2020,OK,,,355,TEFC,1,1,0,95,610,730,254,170,355,2 running 1 standby,
96,BF,SGS ER,No.2 SGP Water Supply Pump B,185,6000,24.6,990,Hyosung,LA26349502-2,EVERY TIME,NOT YET,3/31/2020,OK,,,355,TEFC,1,,0,95,610,730,254,170,355,,
97,BF,SGS ER,No.2 SGP Water Supply Pump C,185,6000,24.6,990,Hyosung,LA26349502-4,EVERY TIME,NOT YET,4/14/2020,OK,,,355,TEFC,1,,0,95,610,730,254,170,355,,
,,,,,,,,,,,,,,,,,,,,,,,,,,,,
,,,,,,,,,,,,,,,,,,,,,,,,,,,,
98,BF,Gas Cleaning ER,Clarified Water Supply Pump A,250,6000,29.9,1485,Hyundai,20114887RMHE64001,EVERY TIME,NOT YET,4/15/2020,OK,,,315,HLE5 313-48E,1,1,0,90,508,630,216,170,315,2 running 1 standby,
99,BF,Gas Cleaning ER,Clarified Water Supply Pump B,250,6000,29.9,1485,Hyundai,20114887RMHE64002,EVERY TIME,NOT YET,3/30/2020,OK,,,315,HLE5 313-48E,1,,0,90,508,630,216,170,315,,
100,BF,Gas Cleaning ER,Clarified Water Supply Pump C,250,6000,29.9,1485,Hyundai,20114887RMHE64003,EVERY TIME,NOT YET,3/30/2020,OK,,,315,HLE5 313-48E,1,,0,90,508,630,216,170,315,,
101,BF,Gas Cleaning ER,Scrubber Recycle Pump A,150,6000,18.1,1485,Hyundai,20114887RMHE65001,EVERY TIME,NOT YET,4/15/2020,OK,,,280,HLE5 286-48E,1,1,0,85,457,630,190,170,280,2 running 1 standby,
102,BF,Gas Cleaning ER,Scrubber Recycle Pump B,150,6000,18.1,1485,Hyundai,20114887RMHE65002,EVERY TIME,NOT YET,4/15/2020,OK,,,280,HLE5 286-48E,1,,0,85,457,630,190,170,280,,
103,BF,Gas Cleaning ER,Scrubber Recycle Pump C,150,6000,18.1,1485,Hyundai,20114887RMHE65003,EVERY TIME,NOT YET,3/30/2020,OK,,,280,HLE5 286-48E,1,,0,85,457,630,190,170,280,,
,,,,,,,,,,,,,,,,,,,,,,,,,,,,
,,,,,,,,,,,,,,,,,,,,,,,,,,,,
104,BF,PCI ER,Waste Gas Fan Motor A,1100,6000,124.5,1487,Hyundai,20121753RMH520001,EVERY TIME,NOT YET,4/9/2020,OK,,,450,HNQ3 455-48E,1,0,1,130,850,1400,250,250,450,1 running 1 standby,
105,BF,PCI ER,Waste Gas Fan Motor B,1100,6000,124.5,1487,Hyundai,20121753RMH520002,EVERY TIME,NOT YET,4/22/2020,OK,,,450,HNQ3 455-48E,1,0,,130,850,1400,250,250,450,,
106,BF,PCI ER,N2 Compressor Motor A,240,6000,30.5,991,Hyundai,20114860RMHH76001,EVERY TIME,NOT YET,2/27/2020,NOT CHECK,Load: < 60%,,315,HLE5 316-68E,1,1,0,95,508,900,216,210,315,2 running 1 standby,
107,BF,PCI ER,N2 Compressor Motor B,240,6000,30.5,991,Hyundai,20114860RMHH76002,EVERY TIME,NOT YET,4/9/2020,NOT CHECK,Load: < 60%,,315,HLE5 316-68E,1,,0,95,508,900,216,210,315,,
108,BF,PCI ER,N2 Compressor Motor C,240,6000,30.5,991,HYUNDAI,20114860RMHH76003,EVERY TIME,NOT YET,2/27/2020,NOT CHECK,Load: < 60%,,315,HLE5 316-68E,1,,0,95,508,900,216,210,315,,
109,BF,PCI ER,Pulverized Mill Motor A,560,6000,67,980,Hyosung,LA80426301-1,EVERY TIME,NOT YET,4/9/2020,NOT CHECK,Load: < 60%,,450FM,-,1,0,1,120,750,1250,315,180,450,1 running 1 standby,
110,BF,PCI ER,Pulverized Mill Motor B,560,6000,67,980,Hyosung,LA80426301-2,EVERY TIME,NOT YET,2/27/2020,NOT CHECK,Load: < 60%,"2017 caution and open but rotor OK, 2019 TANYA MAKER",450FM,-,1,,,120,750,1250,315,180,450,,
111,BF,PCI ER,Air Compressor Motor A,940,6000,138.3,422,Hyundai,20114860RMHE62001,EVERY TIME,NOT YET,2/27/2020,OK,,,630,HRQ3 633-58E,1,1,0,180,1180,1800,315,300,630,2 running 1 standby,
112,BF,PCI ER,Air Compressor Motor B,940,6000,138.3,422,Hyundai,20114860RMHE62002,EVERY TIME,NOT YET,4/9/2020,OK,,,630,HRQ3 633-58E,1,,0,180,1180,1800,315,300,630,,
113,BF,PCI ER,Air Compressor Motor C,940,6000,138.3,422,Hyundai,20114860RMHE62003,EVERY TIME,NOT YET,2/27/2020,OK,,,630,HRQ3 633-58E,1,,0,180,1180,1800,315,300,630,,
,,,,,,,,,,,,,,,,,,,,,,,,,,,,
,,,,,,,,,,,,,,,,,,,,,,,,,,,,
114,BF,Stockhouse ER,Charging Conveyor Motor A (S-1 B/C No.1),450,6000,53,1485,Siemens,ZY-CN3001883317001000001/2012 IM B3,EVERY TIME,NOT YET,,NOT CHECK,Load: < 60%,,-,1LA4 352-4AN60-Z,1,1,0,100,686,1000,224,165,355,3 running 1 standby,
115,BF,Stockhouse ER,Charging Conveyor Motor B (S-1 B/C No.2),450,6000,53,1485,Siemens,ZY-CN3001883317001000004/2012 IM B3,EVERY TIME,NOT YET,3/30/2020,NOT CHECK,Load: < 60%,,-,1LA4 352-4AN60-Z,1,,0,100,686,1000,224,165,355,,
116,BF,Stockhouse ER,Charging Conveyor Motor C (S-1 B/C No.3),450,6000,53,1485,Siemens,ZY-CN3001883317001000002/2012 IM B3,EVERY TIME,NOT YET,3/30/2020,NOT CHECK,Load: < 60%,,-,1LA4 352-4AN60-Z,1,,0,100,686,1000,224,165,355,,
117,BF,Stockhouse ER,Charging Conveyor Motor D (S-1 B/C No.4),450,6000,53,1485,Siemens,ZY-CN3001883317001000003/2012 IM B3,EVERY TIME,NOT YET,3/30/2020,NOT CHECK,Load: < 60%,,-,1LA4 352-4AN60-Z,1,,0,100,686,1000,224,165,355,,
118,BF,Stockhouse ER,O-1 Belt Conveyor,250,6000,31,1480,Siemens,ZY-CN3001883317002000001/2012 IM B3,EVERY TIME,NOT YET,3/30/2020,NOT CHECK,Load: < 60%,,-,1LA4 352-4AN60-Z,1,1,1,90,610,710,200,130,315,1 running 1 standby,
119,BF,Stockhouse ER,Stock House Bag Filter Fan,2000,6000,225,995,SHCT,A710Y12035,EVERY TIME,NOT YET,3/30/2020,OK,,,710,YKK710-6 2000KW,1,0,0,200,1400,1800,530,350,710,1 running,
,,,,,,,,,,,,,,,,,,,,,,,,,,,,
,,,,,,,,,,,,,,,,,,,,,,,,,,,,
120,BLOWER,PCM ER,PCM Bag Filter Fan,670,6000,80.4,992,Hyundai,20121560RMH471001,EVERY TIME,NOT YET,,OK,,,-,-,1,0,1,-,-,-,-,-,-,1 running,
121,BLOWER,BLOWER ER,No.1 Synchronous motor,41000,11000,,3000,-,-,,,,NOT CHECK,Wound rotor type,,-,-,1,-,,-,-,-,-,-,-,,
122,BLOWER,BLOWER ER,No.2 Synchronous motor,41000,11000,,3000,-,-,,,,NOT CHECK,Wound rotor type,,-,-,1,-,,-,-,-,-,-,-,,
,,,,,,,,,,,,,,,,,,,,,,,,,,,,
,,,,,,,,,,,,,,,,,,,,,,,,,,,,
123,SMP,SMP ER,HV10-Boiler Circulation Pump 1,400,6000,46.5,1480,-,-,NOT EVERY TIME,NOT YET,4/13/2020,OK,,,355,HSFC,1,1,1,100,686,1000,224,165,355,2 Running 1 standby,
124,SMP,SMP ER,HV26-Boiler Circulation Pump 2,400,6000,46.5,1480,-,-,NOT EVERY TIME,NOT YET,4/13/2020,OK,,,355,HSFC,1,,,100,686,1000,224,165,355,,
125,SMP,SMP ER,HV27-Boiler Circulation Pump 3,400,6000,46.5,1480,-,-,NOT EVERY TIME,NOT YET,,OK,,,355,HSFC,1,,,100,686,1000,224,165,355,,
126,SMP,SMP ER,HV11-Boiler Feed Pump 1,330,6000,37.7,2970,-,-,NOT EVERY TIME,NOT YET,,OK,,,355,HSFC,1,1,1,70,686,1000,224,105,355,1 running 1 standby,
127,SMP,SMP ER,HV25-Boiler Feed Pump 2,330,6000,37.7,2970,-,-,NOT EVERY TIME,NOT YET,4/13/2020,OK,,,355,HSFC,1,,,70,686,1000,224,105,355,,
128,SMP,SMP ER,HV18-Lance Cooling Pump A,450,6000,52.4,1488,-,-,NOT EVERY TIME,NOT YET,,OK,,,355,HLE5 352-48E,1,1,1,110,610,900,216,210,355,2 running 1 standby,
129,SMP,SMP ER,HV20-Lance Cooling Pump B,450,6000,52.4,1488,-,-,NOT EVERY TIME,NOT YET,4/13/2020,OK,,,355,HLE5 352-48E,1,,,110,610,900,216,210,355,,
130,SMP,SMP ER,HV12-Converter Air Cooling Fan 1,150,6000,17.4,1475,,,EVERY TIME,NOT YET,,OK,,,355M,TEFC,1,0,0,95,610,560,216,210,355,2 running,
131,SMP,SMP ER,HV36-Converter Air Cooling Fan 2,150,6000,17.4,1475,,,EVERY TIME,NOT YET,4/13/2020,OK,,,355M,TEFC,1,0,0,95,610,560,216,210,355,,
132,SMP,SMP ER,HV07-Inclined Belt Conveyor (No.2 B/C),185,6000,23.2,1482,-,-,EVERY TIME,NOT YET,4/13/2020,OK,,,280,HSFC,1,-,1,70,840,560,190,105,280,1 running,
133,SMP,SMP ER,HV08-BOF Main ID Fan,1400,6000,,1500,-,-,,,,NOT CHECK,Using inverter,,-,-,1,-,-,,,,,,,1 running,
,,,,,,,,,,,,,,,,,,,,,,,,,,,,
,,,,,,,,,,,,,,,,,,,,,,,,,,,,
134,SMP,SMP WTP,Converter MCW Cooling Pump 1,224,6000,26.8,1484,-,-,EVERY TIME,NOT YET,,OK,,,315,HLES 312-48E,1,1,1,90,635,925,216,170,315,1 running 1 standby,
135,SMP,SMP WTP,Converter MCW Cooling Pump 2,224,6000,26.8,1484,-,-,EVERY TIME,NOT YET,,OK,,,315,HLES 312-48E,1,,,90,635,925,216,170,315,,
,,,,,,,,,,,,,,,,,,,,,,,,,,,,
,,,,,,,,,,,,,,,,,,,,,,,,,,,,
136,SMP,Air Comp & N2,COA1-HV42 Air Comp 1,746,6000,84,2973,-,-,NOT EVERY TIME,NOT YET,4/14/2020,OK,,,355,TEAAC,1,1,0,80,830,1120,200,130,355,3 running 1 standby,
137,SMP,Air Comp & N2,COA1-HV43 Air Comp 2,746,6000,84,2973,-,-,NOT EVERY TIME,NOT YET,4/14/2020,OK,,,355,TEAAC,1,,0,80,830,1120,200,130,355,,
138,SMP,Air Comp & N2,COA1-HV44 Air Comp 3,746,6000,84,2973,-,-,NOT EVERY TIME,NOT YET,4/14/2020,OK,,,355,TEAAC,1,,0,80,830,1120,200,130,355,,
139,SMP,Air Comp & N2,COA1-HV45 Air Comp 4,746,6000,84,2973,-,-,NOT EVERY TIME,NOT YET,,OK,,,355,TEAAC,1,,0,80,830,1120,200,130,355,,
140,SMP,Air Comp & N2,COA1-HV92 Nitrogen Booster 1,195,6000,24.9,989,-,-,NOT EVERY TIME,NOT YET,,OK,,,355M,HSFC,1,2,-,100,686,1000,224,165,355,1 running 2 standby,
141,SMP,Air Comp & N2,COA1-HV93 Nitrogen Booster 2,195,6000,24.9,989,-,-,NOT EVERY TIME,NOT YET,4/14/2020,OK,,,355M,HSFC,1,,-,100,686,1000,224,165,355,,
142,SMP,Air Comp & N2,COA1-HV94 Nitrogen Booster 3,195,6000,24.9,989,-,-,NOT EVERY TIME,NOT YET,,OK,,,355M,HSFC,1,,-,100,686,1000,224,165,355,,
,,,,,,,,,,,,,,,,,,,,,,,,,,,,
,,,,,,,,,,,,,,,,,,,,,,,,,,,,
143,SMP,RH ER,Laddle Lifting Pump No.1,185,6000,23.1,1475,-,-,NOT EVERY TIME,NOT YET,4/17/2020,NOT CHECK,Load: < 60%,,-,-,1,1,-,-,-,-,-,-,-,2 running 1 standby,
144,SMP,RH ER,Laddle Lifting Pump No.2,185,6000,23.1,1475,-,-,NOT EVERY TIME,NOT YET,4/17/2020,NOT CHECK,Load: < 60%,,-,-,1,,-,-,-,-,-,-,-,,
145,SMP,RH ER,Laddle Lifting Pump No.3,185,6000,23.1,1475,-,-,NOT EVERY TIME,NOT YET,,NOT CHECK,Load: < 60%,,-,-,1,,-,-,-,-,-,-,-,,
146,SMP,RH ER,Water Ring Pump No.1,280,6000,34,1483,-,-,EVERY TIME,NOT YET,4/17/2020,OK,,,-,-,1,1,-,-,-,-,-,-,-,3 running,
147,SMP,RH ER,Water Ring Pump No.2,280,6000,34,1483,-,-,EVERY TIME,NOT YET,4/17/2020,OK,,,-,-,1,,-,-,-,-,-,-,-,,
148,SMP,RH ER,Water Ring Pump No.3,280,6000,34,1483,-,-,EVERY TIME,NOT YET,4/17/2020,OK,,,-,-,1,,-,-,-,-,-,-,-,,
149,SMP,RH ER,Condenser Water Feed Pump A,400,6000,46.6,1488,-,-,NOT EVERY TIME,NOT YET,4/17/2020,OK,,,355,HSFC,1,1,1,100,686,1000,224,165,355,2 Running 1 standby,
150,SMP,RH ER,Condenser Water Feed Pump B,400,6000,46.6,1488,-,-,NOT EVERY TIME,NOT YET,4/17/2020,OK,,,355,HSFC,1,,,100,686,1000,224,165,355,,
151,SMP,RH ER,Condenser Water Feed Pump C,400,6000,46.6,1488,-,-,NOT EVERY TIME,NOT YET,,OK,,,355,HSFC,1,,,100,686,1000,224,165,355,,
,,,,,,,,,,,,,,,,,,,,,,,,,,,,
,,,,,,,,,,,,,,,,,,,,,,,,,,,,
152,SMP,URB,URB ID Fan 1,560,6000,66,989,-,-,NOT EVERY TIME,NOT YET,,OK,,,500,GKK500-6,1,0,0,140,900,1250,475,250,500,2 running,
153,SMP,URB,URB ID Fan 2,560,6000,66,989,-,-,NOT EVERY TIME,NOT YET,,OK,,,500,GKK500-6,1,0,0,140,900,1250,475,250,500,,
,,,,,,,,,,,,,,,,,,,,,,,,,,,,
,,,,,,,,,,,,,,,,,,,,,,,,,,,,
154,SMP,KR & Conv Bag Filter,KR Bag Filter,1250,6000,149,996,-,-,NOT EVERY TIME,NOT YET,6/11/2020,OK,,,630,YKK630-6,1,0,0,160,1120,1600,530,300,630,1 running,
155,SMP,KR & Conv Bag Filter,Converter Bag Filter 1,1400,6000,166,996,-,-,NOT EVERY TIME,NOT YET,6/11/2020,OK,,,630,YKK630-6,1,0,0,160,1120,1600,530,300,630,2 running,
156,SMP,KR & Conv Bag Filter,Converter Bag Filter 2,1400,6000,166,996,-,-,NOT EVERY TIME,NOT YET,6/11/2020,OK,,,630,YKK630-6,1,0,0,160,1120,1600,530,300,630,,
,,,,,,,,,,,,,,,,,,,,,,,,,,,,
,,,,,,,,,,,,,,,,,,,,,,,,,,,,
157,CCP,MER,#1 Steam Exhaust Fan,160,6000,20.3,1485,-,-,NOT EVERY TIME,NOT YET,3/31/2020,OK,,"SD, TANYA MAKER",-,-,1,0,2,-,-,-,-,-,-,4 running,
158,CCP,MER,#2 Steam Exhaust Fan,160,6000,20.3,1485,-,-,NOT EVERY TIME,NOT YET,3/31/2020,OK,,,-,-,1,,,-,-,-,-,-,-,,
159,CCP,MER,#3 Steam Exhaust Fan,160,6000,20.3,1485,-,-,NOT EVERY TIME,NOT YET,3/31/2020,OK,,,-,-,1,,,-,-,-,-,-,-,,
160,CCP,MER,#4 Steam Exhaust Fan,160,6000,20.3,1485,-,-,NOT EVERY TIME,NOT YET,3/31/2020,OK,,,-,-,1,,,-,-,-,-,-,-,,
161,CCP,MER,Machine Cooling Water Pump A,224,6000,26.8,1484,-,-,NOT EVERY TIME,NOT YET,3/31/2020,OK,,,-,-,1,1,0,-,-,-,-,-,-,2 running 1 standby,
162,CCP,MER,Machine Cooling Water Pump B,224,6000,26.8,1484,-,-,NOT EVERY TIME,NOT YET,3/31/2020,OK,,,-,-,1,,,-,-,-,-,-,-,,
163,CCP,MER,Machine Cooling Water Pump C,224,6000,26.8,1484,-,-,NOT EVERY TIME,NOT YET,,OK,,,-,-,1,,,-,-,-,-,-,-,,
164,CCP,MER,Machine Recooling Pump A,280,6000,35.6,990,-,-,NOT EVERY TIME,NOT YET,,OK,,,-,-,1,1,1,-,-,-,-,-,-,2 running 1 standby,
165,CCP,MER,Machine Recooling Pump B,280,6000,35.6,990,-,-,NOT EVERY TIME,NOT YET,3/31/2020,OK,,,-,-,1,,,-,-,-,-,-,-,,
166,CCP,MER,Machine Recooling Pump C,280,6000,35.6,990,-,-,NOT EVERY TIME,NOT YET,3/31/2020,OK,,,-,-,1,,,-,-,-,-,-,-,,
167,CCP,MER,Mould Cooling Water Pump A,224,6000,26.8,1484,-,-,NOT EVERY TIME,NOT YET,3/31/2020,OK,,,-,-,1,1,1,-,-,-,-,-,-,2 running 1 standby,
168,CCP,MER,Mould Cooling Water Pump B,224,6000,26.8,1484,-,-,NOT EVERY TIME,NOT YET,,OK,,,-,-,1,,,-,-,-,-,-,-,,
169,CCP,MER,Mould Cooling Water Pump C,224,6000,26.8,1484,-,-,NOT EVERY TIME,NOT YET,3/31/2020,OK,,,-,-,1,,,-,-,-,-,-,-,,
170,CCP,MER,Spray Cooling Pump A,520,6000,60.3,1489,-,-,NOT EVERY TIME,NOT YET,3/31/2020,OK,,,355,HLE5 354-48E,1,1,1,110,610,900,224,210,355,2 running 1 standby,
171,CCP,MER,Spray Cooling Pump B,520,6000,60.3,1489,-,-,NOT EVERY TIME,NOT YET,3/31/2020,OK,,,355,HLE5 354-48E,1,,,110,610,900,224,210,355,,
172,CCP,MER,Spray Cooling Pump C,520,6000,60.3,1489,-,-,NOT EVERY TIME,NOT YET,,OK,,,355,HLE5 354-48E,1,,,110,610,900,224,210,355,,
173,CCP,MER,#1 Air Mist Compressor,1566.6,6000,171.6,2972,-,-,NOT EVERY TIME,NOT YET,3/31/2020,OK,,,450,HRQ3 455-28E,1,2,1,110,850,1400,480,210,450,2 running 2 standby,*1 spare on spot repair progress [Sept 2023]
174,CCP,MER,#2 Air Mist Compressor,1566.6,6000,171.6,2972,-,-,NOT EVERY TIME,NOT YET,,OK,,,450,HRQ3 455-28E,1,,,110,850,1400,480,210,450,,
175,CCP,MER,#3 Air Mist Compressor,1566.6,6000,171.6,2972,-,-,NOT EVERY TIME,NOT YET,3/31/2020,OK,,,450,HRQ3 455-28E,1,,,110,850,1400,480,210,450,,
176,CCP,Air Comp ER,No.4 Air Compressor VCB,1417.4,6000,155.2,2975,Hyundai,20120152RMH064004,EVERY TIME,NOT YET,,NOT CHECK,"No PTT in the panel, dangerous to check (Moving from PM)",,-,-,1,,,-,-,-,-,-,-,,
,,,,,,,,,,,,,,,,,,,,,,,,,,,,
,,,,,,,,,,,,,,,,,,,,,,,,,,,,
177,PM,Air Comp ER,No.1 Air Compressor VCB,1417.4,6000,155.2,2975,Hyundai,20120152RMH064001,EVERY TIME,NOT YET,4/22/2020,OK,,,450,HRQ3 455-28E,1,1,0,110,850,1400,480,210,450,2 running 1 standby,
178,PM,Air Comp ER,No.2 Air Compressor VCB,1417.4,6000,155.2,2975,Hyundai,20120152RMH064002,EVERY TIME,NOT YET,4/22/2020,OK,,,450,HRQ3 455-28E,1,,0,110,850,1400,480,210,450,,
179,PM,Air Comp ER,No.3 Air Compressor VCB,1417.4,6000,155.2,2975,Hyundai,20120152RMH064003,EVERY TIME,NOT YET,4/22/2020,OK,,,450,HRQ3 455-28E,1,,0,110,850,1400,480,210,450,,
,,,,,,,,,,,,,,,,,,,,,,,,,,,,
,,,,,,,,,,,,,,,,,,,,,,,,,,,,
180,PM,MER,No.1 Descalling Pump,3300,6000,362,1480,TMEIC,D12X012GL,NOT EVERY TIME,NOT YET,4/22/2020,OK,,,-,-,1,1,-,-,-,-,-,-,-,2 running 1 standby,
181,PM,MER,No.2 Descalling Pump,3300,6000,362,1480,TMEIC,D12X010GL,NOT EVERY TIME,NOT YET,,OK,,,-,-,1,,-,-,-,-,-,-,-,,
,,,,,,,,,,,,,,,,,,,,,,,,,,,,
,,,,,,,,,,,,,,,,,,,,,,,,,,,,
182,PM,WTP ER,Direct Cooling Water Feed Pump A,470,6000,55.4,1488,Hyundai,20115760RMHH22001,EVERY TIME,NOT YET,,OK,,,355,HLE5 352-48E,1,1,0,110,610,900,216,210,355,2 running 1 standby,
183,PM,WTP ER,Direct Cooling Water Feed Pump B,470,6000,55.4,1488,Hyundai,20115760RMHH22002,EVERY TIME,NOT YET,,OK,,,355,HLE5 352-48E,1,,0,110,610,900,216,210,355,,
184,PM,WTP ER,Direct Cooling Water Feed Pump C,470,6000,55.4,1488,Hyundai,20115760RMHH22003,EVERY TIME,NOT YET,4/15/2020,OK,,,355,HLE5 352-48E,1,,0,110,610,900,216,210,355,,
185,PM,WTP ER,Scale Water Feed Pump B,320,6000,38.2,1488,Hyundai,20115760RMH21003,EVERY TIME,NOT YET,4/15/2020,OK,,,-,-,1,1,-,-,-,-,-,-,-,2 running 1 standby,
186,PM,WTP ER,Scale Water Feed Pump C,320,6000,38.2,1488,Hyundai,20115760RMH21002,EVERY TIME,NOT YET,4/15/2020,OK,,,-,-,1,,-,-,-,-,-,-,-,,
187,PM,WTP ER,Scale Water Feed Pump D,320,6000,38.2,1488,Hyundai,20115760RMH21001,EVERY TIME,NOT YET,4/15/2020,OK,,,-,-,1,,-,-,-,-,-,-,-,,
,,,,,,,,,,,,,,,,,,,,,,,,,,,,
,,,,,,,,,,,,,,,,,,,,,,,,,,,,
188,PM,FM,FM Main Motor Top,8000,3100,1575,50/110,TMEIC,-,,,,NOT CHECK,Wound rotor type,,-,-,1,0,-,-,-,-,-,-,-,2 running,
189,PM,FM,FM Main Motor Bottom,8000,3100,1575,50/110,TMEIC,-,,,,NOT CHECK,Wound rotor type,,-,-,1,,-,-,-,-,-,-,-,,
,,,,,,,,,,,,,,,,,,,,,,,,,,,,
,,,,,,,,,,,,,,,,,,,,,,,,,,,,
190,AUX,WSF,Water Supply Pump A,260,6000,32.6,990,-,-,EVERY TIME,NOT YET,4/22/2020,OK,,,-,-,1,,-,-,-,-,-,-,-,1 running 2 standby,
191,AUX,WSF,Water Supply Pump B,260,6000,32.6,990,-,-,EVERY TIME,NOT YET,4/22/2020,OK,,,-,-,1,,-,-,-,-,-,-,-,,
192,AUX,WSF,Water Supply Pump C,260,6000,32.6,990,-,-,EVERY TIME,NOT YET,4/22/2020,OK,,,-,-,1,,-,-,-,-,-,-,-,,
,,,,,,,,,,,,,,,,,,,,,,,,,,,,
,,,,,,,,,,,,,,,,,,,,,,,,,,,,
193,AUX,Gas Holder ER,LDG Booster No.1,350,6000,41.5,1481,-,-,EVERY TIME,NOT YET,4/22/2020,OK,,,-,-,1,,-,-,-,-,-,-,-,1 running 1 standby,
194,AUX,Gas Holder ER,LDG Booster No.2,350,6000,41.5,1481,-,-,EVERY TIME,NOT YET,6/10/2020,OK,,,-,-,1,,-,-,-,-,-,-,-,,
195,AUX,Gas Holder ER,COG Booster No.1,350,6000,40,2974,-,-,EVERY TIME,NOT YET,4/22/2020,OK,,,-,-,1,,-,-,-,-,-,-,-,2 running 1 standby,
196,AUX,Gas Holder ER,COG Booster No.2,350,6000,40,2974,-,-,EVERY TIME,NOT YET,6/10/2020,NOT CHECK,Load: < 60%,,-,-,1,,-,-,-,-,-,-,-,,
197,AUX,Gas Holder ER,COG Booster No.3,350,6000,40,2974,Siemens,N-L91574375010001,,,,OK,,,-,-,1,,-,-,-,-,-,-,-,,
,,,,,,,,,,,,,,,,,,,,,,,,,,,,
,,,,,,,,,,,,,,,,,,,,,,,,,,,,
198,HRP,SH01,Combustion air Fan Motor #1,450,6000,53.8,1489,Weg,1.04E+09,,,,,,,400,400J/H-04,1,0,1,-,-,-,-,-,-,2 Running,
199,HRP,SH01,Combustion air Fan Motor #2,450,6000,53.8,1489,Weg,-,,,,,,,400,400J/H-04,1,0,,-,-,-,-,-,-,,
200,HRP,SH01,Edger Main Motor OS,1500,1750/ 2310,589/ .456,170/ 590,TMEIC,K183030RM,,,,,,,-,ICR-CVKM,1,0,0,-,-,-,-,-,-,Running,
201,HRP,SH01,Edger Main Motor DS,1500,1750/ 2310,589/ .456,170/ 590,TMEIC,-,,,,,,,-,ICR-CVKM,1,0,0,-,-,-,-,-,-,Running,
202,HRP,SH01,RM Main Motor Top,8500,3300,1560,60/100,TMEIC,K183230RH,,,,,,,-,SSCR-CHPCM-DM,1,0,0,-,-,-,-,-,-,Running,
203,HRP,SH01,RM Main Motor Bottom,8500,3300,1560,60/100,TMEIC,K183240RH,,,,,,,-,SSCR-CHPCM-DM,1,0,0,-,-,-,-,-,-,Running,
204,HRP,SH02,LP DESCALING PUMP #1,600,6000,70.4,2985,JIAMUSI,17JQ-0125-02,,,,,,,450,Y2 450-2,1,1,1,-,-,-,-,-,-,1 running 1 standby,
205,HRP,SH02,LP DESCALING PUMP #2,600,6000,70.4,2985,JIAMUSI,17JQ-0125-01,,,,,,,450,Y2 450-2,1,,,-,-,-,-,-,-,,
206,HRP,SH02,HP DESCALING PUMP #1,2800,6000,317.9,2991,JIAMUSI,17JQ-0124-03,,,,,,,560,YKS 560-2,1,1,1,-,-,-,-,-,-,2 Running 1 standby,
207,HRP,SH02,HP DESCALING PUMP #2,2800,6000,317.9,2991,JIAMUSI,17JQ-0124-01,,,,,,,560,YKS 560-2,1,,,-,-,-,-,-,-,,
208,HRP,SH02,HP DESCALING PUMP #3,2800,6000,317.9,2991,JIAMUSI,17JQ-0124-04,,,,,,,560,YKS 560-2,1,,,-,-,-,-,-,-,,
209,HRP,SH02,F1 MAIN MOTOR,8000,3300,1445,230/ 600,TMEIC,K183250RH,,,,,,,-,SSCR-CHPCM-DM,1,0,0,-,-,-,-,-,-,Running,
210,HRP,SH02,F2 MAIN MOTOR,10000,3300,1815,240/ 560,TMEIC,K183260RH,,,,,,,-,SSCR-CHPCM-DM,1,0,0,-,-,-,-,-,-,Running,
211,HRP,SH02,F3 MAIN MOTOR,10000,3300,1815,240/ 560,TMEIC,K183270RH,,,,,,,-,SSCR-CHPCM-DM,1,0,0,-,-,-,-,-,-,Running,
212,HRP,SH02,F4 MAIN MOTOR,10000,3300,1815,240/ 560,TMEIC,K183280RH,,,,,,,-,SSCR-CHPCM-DM,1,0,0,-,-,-,-,-,-,Running,
213,HRP,SH02,F5 MAIN MOTOR,10000,3300,1815,240/ 560,TMEIC,K183290RH,,,,,,,-,SSCR-CHPCM-DM,1,0,0,-,-,-,-,-,-,Running,
214,HRP,SH02,F6 MAIN MOTOR,8000,3300,1445,230/ 600,TMEIC,K183210RH,,,,,,,-,SSCR-CHPCM-DM,1,0,0,-,-,-,-,-,-,Running,